Dec;04;2015;08:30
Nov;06;2015;08:30
Oct;02;2015;07:30
Sep;04;2015;07:30
Aug;07;2015;07:30
Jul;02;2015;07:30
Jun;05;2015;07:30
May;08;2015;07:30
Apr;03;2015;07:30
Mar;06;2015;08:30
Feb;06;2015;08:30
Jan;09;2015;08:30
Dec;05;2014;08:30
Nov;07;2014;08:30
Oct;03;2014;07:30
Sep;05;2014;07:30
Aug;01;2014;07:30
Jul;03;2014;07:30
Jun;06;2014;07:30
May;02;2014;07:30
Apr;04;2014;07:30
Mar;07;2014;08:30
Feb;07;2014;08:30
Jan;10;2014;08:30
Dec;06;2013;08:30
Nov;08;2013;08:30
Oct;22;2013;07:30
Sep;06;2013;07:30
Aug;02;2013;07:30
Jul;05;2013;07:30
Jun;07;2013;07:30
May;03;2013;07:30
Apr;05;2013;07:30
Mar;08;2013;08:30
Feb;01;2013;08:30
Jan;04;2013;08:30
Dec;07;2012;08:30
Nov;02;2012;07:30
Oct;05;2012;07:30
Sep;07;2012;07:30
Aug;03;2012;07:30
Jul;06;2012;07:30
Jun;01;2012;07:30
May;04;2012;07:30
Apr;06;2012;07:30
Mar;09;2012;08:30
Feb;03;2012;08:30
Jan;06;2012;08:30
Dec;02;2011;08:30
Nov;04;2011;07:30
Oct;07;2011;07:30
Sep;02;2011;07:30
Aug;05;2011;07:30
Jul;08;2011;07:30
Jun;03;2011;07:30
May;06;2011;07:30
Apr;01;2011;07:30
Mar;04;2011;08:30
Feb;04;2011;08:30
Jan;07;2011;08:30
Dec;03;2010;08:30
Nov;05;2010;07:30
Oct;08;2010;07:30
Sep;03;2010;07:30
Aug;06;2010;07:30
Jul;02;2010;07:30
Jun;04;2010;07:30
May;07;2010;07:30
Apr;02;2010;07:30
Mar;05;2010;08:30
Feb;05;2010;08:30
Jan;08;2010;08:30
Dec;04;2009;08:30
Nov;06;2009;08:30
Oct;02;2009;07:30
Sep;04;2009;07:30
Aug;07;2009;07:30
Jul;02;2009;07:30
Jun;05;2009;07:30
May;08;2009;07:30
Apr;03;2009;07:30
Mar;06;2009;08:30
Feb;06;2009;08:30
Jan;09;2009;08:30
Dec;05;2008;08:30
Nov;07;2008;08:30
Oct;03;2008;07:30
Sep;05;2008;07:30
Aug;01;2008;07:30
Jul;03;2008;07:30
Jun;06;2008;08:30
May;02;2008;07:30
Apr;04;2008;07:30
Mar;07;2008;08:30
